{
  "arm_0 (asym=0)": {
    "n": 100,
    "h": 34,
    "p_high": 0.34,
    "ci_lo": 0.25461379497543,
    "ci_hi": 0.43722454341689065,
    "per_session": [
      [
        6,
        20
      ],
      [
        8,
        20
      ],
      [
        6,
        20
      ],
      [
        7,
        20
      ],
      [
        7,
        20
      ]
    ],
    "trans": {
      "HIGH": {
        "LOW": 22,
        "HIGH": 10
      },
      "LOW": {
        "HIGH": 22,
        "LOW": 41
      }
    },
    "runlens_mean": {
      "HIGH": 1.4166666666666667,
      "LOW": 2.64
    },
    "runlens_max": {
      "HIGH": 4,
      "LOW": 9
    }
  },
  "arm_A (asym=+0.2)": {
    "n": 100,
    "h": 42,
    "p_high": 0.42,
    "ci_lo": 0.327982249185113,
    "ci_hi": 0.5179369200110473,
    "per_session": [
      [
        8,
        20
      ],
      [
        5,
        20
      ],
      [
        11,
        20
      ],
      [
        7,
        20
      ],
      [
        11,
        20
      ]
    ],
    "trans": {
      "LOW": {
        "HIGH": 24,
        "LOW": 30
      },
      "HIGH": {
        "HIGH": 16,
        "LOW": 25
      }
    },
    "runlens_mean": {
      "LOW": 2.0714285714285716,
      "HIGH": 1.6153846153846154
    },
    "runlens_max": {
      "LOW": 6,
      "HIGH": 3
    }
  },
  "arm_B (asym=-0.2)": {
    "n": 100,
    "h": 32,
    "p_high": 0.32,
    "ci_lo": 0.2366901081545688,
    "ci_hi": 0.4166280225367919,
    "per_session": [
      [
        7,
        20
      ],
      [
        5,
        20
      ],
      [
        5,
        20
      ],
      [
        6,
        20
      ],
      [
        9,
        20
      ]
    ],
    "trans": {
      "LOW": {
        "HIGH": 18,
        "LOW": 46
      },
      "HIGH": {
        "LOW": 18,
        "HIGH": 13
      }
    },
    "runlens_mean": {
      "LOW": 3.090909090909091,
      "HIGH": 1.6842105263157894
    },
    "runlens_max": {
      "LOW": 12,
      "HIGH": 5
    }
  }
}