step,sector_target,match_energy,mismatch_energy,ratio
0,2,158948.1,191.99997,827.8548
1,2,307624.8,192.00006,1602.212
2,0,601366.44,191.99988,3132.119
3,3,500000,191.99997,2604.167
